PageSourceFile,Title,Link,Date,Page Count
"Section","Workstations","https://web.archive.org/web/19991129023950/http://www.digital.com/SOHOME/SOHOMEHM.HTM","18 November 1999","PAGES"
SOHOMEHM-19991129023950.HTM,"Compaq AlphaStation XP1000 V2.5","https://web.archive.org/web/19991129023950/http://www.digital.com/SOW01T/SOW01TPF.PDF","08 October 1999","13"
SOHOMEHM-19991129023950.HTM,"Compaq AlphaStation XP1000 V2.5","https://web.archive.org/web/19991129023950/http://www.digital.com/SOW01T/SOW01TMW.DOC","08 October 1999","13"
SOHOMEHM-19991129023950.HTM,"Compaq AlphaStation XP900","https://web.archive.org/web/19991129023950/http://www.digital.com/WQS214/WQS214PF.PDF","18 November 1999","10"
SOHOMEHM-19991129023950.HTM,"Compaq AlphaStation XP900","https://web.archive.org/web/19991129023950/http://www.digital.com/WQS214/WQS214MW.DOC","18 November 1999","10"
SOHOMEHM-19991129023950.HTM,"Compaq Personal Workstations Enhanced a-Series & au-Series V3.8","https://web.archive.org/web/19991129023950/http://www.digital.com/SOW010/SOW010PF.PDF","19 August 1999","11"
SOHOMEHM-19991129023950.HTM,"Compaq Personal Workstations Enhanced a-Series & au-Series V3.8","https://web.archive.org/web/19991129023950/http://www.digital.com/SOW010/SOW010MW.DOC","19 August 1999","11"
"Section","Alpha Servers","https://web.archive.org/web/19991129023950/http://www.digital.com/SOHOME/SOHOMEHM.HTM","18 November 1999","PAGES"
"Subsection","Workgroup Systems","https://web.archive.org/web/19991129023950/http://www.digital.com/SOHOME/SOHOMEHM.HTM","18 November 1999","PAGES"
SOHOMEHM-19991129023950.HTM,"Compaq AlphaServer DS10","https://web.archive.org/web/19991129023950/http://www.digital.com/WQW007/WQW007PF.PDF","12 November 1999","10"
SOHOMEHM-19991129023950.HTM,"Compaq AlphaServer DS10","https://web.archive.org/web/19991129023950/http://www.digital.com/WQW007/WQW007MW.DOC","12 November 1999","10"
SOHOMEHM-19991129023950.HTM,"Compaq AlphaServer DS10 (Linux-Ready)","https://web.archive.org/web/19991129023950/http://www.digital.com/WQW008/WQW008PF.PDF","12 November 1999","8"
SOHOMEHM-19991129023950.HTM,"Compaq AlphaServer DS20","https://web.archive.org/web/19991129023950/http://www.digital.com/WQS003/WQS003PF.PDF","27 September 1999","17"
SOHOMEHM-19991129023950.HTM,"Compaq AlphaServer DS20 (Linux-Ready)","https://web.archive.org/web/19991129023950/http://www.digital.com/WQS002/WQS002PF.PDF","27 September 1999","10"
SOHOMEHM-19991129023950.HTM,"Compaq AlphaServer DS20E","https://web.archive.org/web/19991129023950/http://www.digital.com/WQS212/WQS212PF.PDF","15 November 1999","17"
SOHOMEHM-19991129023950.HTM,"Compaq AlphaServer DS20E (Linux-Ready)","https://web.archive.org/web/19991129023950/http://www.digital.com/WQS213/WQS213PF.PDF","15 November 1999","9"
SOHOMEHM-19991129023950.HTM,"AlphaServer 800 Pedestal-Rackmount V3.6","https://web.archive.org/web/19991129023950/http://www.digital.com/SOHOMX/SOHOMXPF.PDF","17 October 1999","24"
SOHOMEHM-19991129023950.HTM,"AlphaServer 1000A Rackmount Systems V3.1","https://web.archive.org/web/19991129023950/http://www.digital.com/SO0042/SO0042PF.PDF","30 June 1999","13"
SOHOMEHM-19991129023950.HTM,"AlphaServer 1200 Pedestal-Rackmount V3.8","https://web.archive.org/web/19991129023950/http://www.digital.com/SOW00B/SOW00BPF.PDF","29 June 1999","28"
SOHOMEHM-19991129023950.HTM,"Compaq AlphaServer DS10","https://web.archive.org/web/19991129023950/http://www.digital.com/WQW007/WQW007MW.DOC","12 November 1999","10"
SOHOMEHM-19991129023950.HTM,"Compaq AlphaServer DS10 (Linux-Ready)","https://web.archive.org/web/19991129023950/http://www.digital.com/WQW008/WQW008MW.DOC","12 November 1999","8"
SOHOMEHM-19991129023950.HTM,"Compaq AlphaServer DS20","https://web.archive.org/web/19991129023950/http://www.digital.com/WQS003/WQS003MW.DOC","27 September 1999","17"
SOHOMEHM-19991129023950.HTM,"Compaq AlphaServer DS20 (Linux-Ready)","https://web.archive.org/web/19991129023950/http://www.digital.com/WQS002/WQS002MW.DOC","27 September 1999","10"
SOHOMEHM-19991129023950.HTM,"Compaq AlphaServer DS20E","https://web.archive.org/web/19991129023950/http://www.digital.com/WQS212/WQS212MW.DOC","15 November 1999","17"
SOHOMEHM-19991129023950.HTM,"Compaq AlphaServer DS20E (Linux-Ready)","https://web.archive.org/web/19991129023950/http://www.digital.com/WQS213/WQS213MW.DOC","15 November 1999","9"
SOHOMEHM-19991129023950.HTM,"AlphaServer 800 Pedestal-Rackmount V3.6","https://web.archive.org/web/19991129023950/http://www.digital.com/SOHOMX/SOHOMXMW.DOC","17 October 1999","24"
SOHOMEHM-19991129023950.HTM,"AlphaServer 1000A Rackmount Systems V3.1","https://web.archive.org/web/19991129023950/http://www.digital.com/SO0042/SO0042MW.DOC","30 June 1999","13"
SOHOMEHM-19991129023950.HTM,"AlphaServer 1200 Pedestal-Rackmount V3.8","https://web.archive.org/web/19991129023950/http://www.digital.com/SOW00B/SOW00BMW.DOC","29 June 1999","28"
"Subsection","Departmental Systems","https://web.archive.org/web/19991129023950/http://www.digital.com/SOHOME/SOHOMEHM.HTM","18 November 1999","PAGES"
SOHOMEHM-19991129023950.HTM,"Compaq AlphaServer ES40","https://web.archive.org/web/19991129023950/http://www.digital.com/WQW006/WQW006PF.PDF","20 October 1999","17"
SOHOMEHM-19991129023950.HTM,"Compaq AlphaServer ES40 (Linux-Ready)","https://web.archive.org/web/19991129023950/http://www.digital.com/WQW005/WQW005PF.PDF","20 October 1999","10"
SOHOMEHM-19991129023950.HTM,"Compaq AlphaServer ES40","https://web.archive.org/web/19991129023950/http://www.digital.com/WQW006/WQW006MW.DOC","20 October 1999","17"
SOHOMEHM-19991129023950.HTM,"Compaq AlphaServer ES40 (Linux-Ready)","https://web.archive.org/web/19991129023950/http://www.digital.com/WQW005/WQW005MW.DOC","20 October 1999","10"
SOHOMEHM-19991129023950.HTM,"AlphaServer 4100 V3.8","https://web.archive.org/web/19991129023950/http://www.digital.com/SO005A/SO005APF.PDF","03 September 1999","36"
SOHOMEHM-19991129023950.HTM,"AlphaServer 4100 V3.8","https://web.archive.org/web/19991129023950/http://www.digital.com/SO005A/SO005AMW.DOC","03 September 1999","36"
"Subsection","Enterprise Systems","https://web.archive.org/web/19991129023950/http://www.digital.com/SOHOME/SOHOMEHM.HTM","18 November 1999","PAGES"
SOHOMEHM-19991129023950.HTM,"Compaq AlphaServer GS60E","https://web.archive.org/web/19991129023950/http://www.digital.com/WQS001/WQS001PF.PDF","09 November 1999","17"
SOHOMEHM-19991129023950.HTM,"Compaq AlphaServer GS60E","https://web.archive.org/web/19991129023950/http://www.digital.com/WQS001/WQS001MW.DOC","09 November 1999","17"
SOHOMEHM-19991129023950.HTM,"Compaq AlphaServer GS60 and AlphaServer 8200 Tru64 UNIX and OpenVMS Systems V3.4","https://web.archive.org/web/19991129023950/http://www.digital.com/SO004A/SO004APF.PDF","29 April 1999","23"
SOHOMEHM-19991129023950.HTM,"Compaq AlphaServer GS60 and 8200 Rackmount V2.5","https://web.archive.org/web/19991129023950/http://www.digital.com/SO004B/SO004BPF.PDF","10 February 1999","6"
SOHOMEHM-19991129023950.HTM,"Compaq AlphaServer GS60 and AlphaServer 8200 Tru64 UNIX and OpenVMS Systems V3.4","https://web.archive.org/web/19991129023950/http://www.digital.com/SO004A/SO004AMW.DOC","29 April 1999","23"
SOHOMEHM-19991129023950.HTM,"Compaq AlphaServer GS60 and 8200 Rackmount V2.5","https://web.archive.org/web/19991129023950/http://www.digital.com/SO004B/SO004BMW.DOC","10 February 1999","6"
SOHOMEHM-19991129023950.HTM,"Compaq AlphaServer GS140","https://web.archive.org/web/19991129023950/http://www.digital.com/WQW009/WQW009PF.PDF","11 November 1999","22"
SOHOMEHM-19991129023950.HTM,"Compaq AlphaServer GS140 and AlphaServer 8400 Rackmount V2.5","https://web.archive.org/web/19991129023950/http://www.digital.com/SO005D/SO005DPF.PDF","10 February 1999","6"
SOHOMEHM-19991129023950.HTM,"Compaq AlphaServer 8200 and 8400 Windows NT Systems V3.10","https://web.archive.org/web/19991129023950/http://www.digital.com/SOW00I/SOW00IPF.PDF","11 June 1999","23"
SOHOMEHM-19991129023950.HTM,"Compaq AlphaServer GS140","https://web.archive.org/web/19991129023950/http://www.digital.com/WQW009/WQW009MW.DOC","11 November 1999","22"
SOHOMEHM-19991129023950.HTM,"Compaq AlphaServer GS140 and AlphaServer 8400 Rackmount V2.5","https://web.archive.org/web/19991129023950/http://www.digital.com/SO005D/SO005DMW.DOC","10 February 1999","6"
SOHOMEHM-19991129023950.HTM,"Compaq AlphaServer 8200 and 8400 Windows NT Systems V3.10","https://web.archive.org/web/19991129023950/http://www.digital.com/SOW00I/SOW00IMW.DOC","11 June 1999","23"
"Section","DIGITAL Servers","https://web.archive.org/web/19991129023950/http://www.digital.com/SOHOME/SOHOMEHM.HTM","18 November 1999","PAGES"
SOHOMEHM-19991129023950.HTM,"DIGITAL Server 3100R and 3200R Rackmount Systems V2.4","https://web.archive.org/web/19991129023950/http://www.digital.com/SOW00Q/SOW00QPF.PDF","10 February 1999","11"
SOHOMEHM-19991129023950.HTM,"DIGITAL Server 3300 Pedestal-Rackmount V3.0","https://web.archive.org/web/19991129023950/http://www.digital.com/SOW00M/SOW00MPF.PDF","01 February 1999","19"
SOHOMEHM-19991129023950.HTM,"DIGITAL Server 5300 Pedestal V3.3","https://web.archive.org/web/19991129023950/http://www.digital.com/SOW00N/SOW00NPF.PDF","12 March 1999","15"
SOHOMEHM-19991129023950.HTM,"DIGITAL Server 7100 Pedestal V2.3","https://web.archive.org/web/19991129023950/http://www.digital.com/SOW00V/SOW00VPF.PDF","25 January 1999","8"
SOHOMEHM-19991129023950.HTM,"DIGITAL Server 7100R Rackmount Systems V2.3","https://web.archive.org/web/19991129023950/http://www.digital.com/SOW00R/SOW00RPF.PDF","25 January 1999","9"
SOHOMEHM-19991129023950.HTM,"DIGITAL Server 7300 Pedestal-Rackmount V3.6","https://web.archive.org/web/19991129023950/http://www.digital.com/SOW00U/SOW00UPF.PDF","12 March 1999","18"
SOHOMEHM-19991129023950.HTM,"DIGITAL Server Rackmount Cabinets V2.1","https://web.archive.org/web/19991129023950/http://www.digital.com/SOW00Z/SOW00ZPF.PDF","25 January 1999","4"
SOHOMEHM-19991129023950.HTM,"DIGITAL Server 3100R and 3200R Rackmount Systems V2.4","https://web.archive.org/web/19991129023950/http://www.digital.com/SOW00Q/SOW00QMW.DOC","10 February 1999","11"
SOHOMEHM-19991129023950.HTM,"DIGITAL Server 3300 Pedestal-Rackmount V3.0","https://web.archive.org/web/19991129023950/http://www.digital.com/SOW00M/SOW00MMW.DOC","01 February 1999","19"
SOHOMEHM-19991129023950.HTM,"DIGITAL Server 5300 Pedestal V3.3","https://web.archive.org/web/19991129023950/http://www.digital.com/SOW00N/SOW00NMW.DOC","12 March 1999","15"
SOHOMEHM-19991129023950.HTM,"DIGITAL Server 7100 Pedestal V2.3","https://web.archive.org/web/19991129023950/http://www.digital.com/SOW00V/SOW00VMW.DOC","25 January 1999","8"
SOHOMEHM-19991129023950.HTM,"DIGITAL Server 7100R Rackmount Systems V2.3","https://web.archive.org/web/19991129023950/http://www.digital.com/SOW00R/SOW00RMW.DOC","25 January 1999","9"
SOHOMEHM-19991129023950.HTM,"DIGITAL Server 7300 Pedestal-Rackmount V3.6","https://web.archive.org/web/19991129023950/http://www.digital.com/SOW00U/SOW00UMW.DOC","12 March 1999","18"
SOHOMEHM-19991129023950.HTM,"DIGITAL Server Rackmount Cabinets V2.1","https://web.archive.org/web/19991129023950/http://www.digital.com/SOW00Z/SOW00ZMW.DOC","25 January 1999","4"
"Section","VAX Workstations/Servers","https://web.archive.org/web/19991129023950/http://www.digital.com/SOHOME/SOHOMEHM.HTM","18 November 1999","PAGES"
SOHOMEHM-19991129023950.HTM,"VAXstation 4000 Model 96 V2.5","https://web.archive.org/web/19991129023950/http://www.digital.com/SO004I/SO004IPF.PDF","25 January 1999","7"
SOHOMEHM-19991129023950.HTM,"MicroVAX 3100 V2.4","https://web.archive.org/web/19991129023950/http://www.digital.com/SO004J/SO004JPF.PDF","25 January 1999","11"
SOHOMEHM-19991129023950.HTM,"VAX 4000 Model 108 V2.4","https://web.archive.org/web/19991129023950/http://www.digital.com/SO004K/SO004KPF.PDF","25 January 1999","12"
SOHOMEHM-19991129023950.HTM,"VAX 7000 Model 810 V2.3","https://web.archive.org/web/19991129023950/http://www.digital.com/SO004N/SO004NPF.PDF","25 January 1999","9"
SOHOMEHM-19991129023950.HTM,"VAXstation 4000 Model 96 V2.5","https://web.archive.org/web/19991129023950/http://www.digital.com/SO004I/SO004IMW.DOC","25 January 1999","7"
SOHOMEHM-19991129023950.HTM,"MicroVAX 3100 V2.4","https://web.archive.org/web/19991129023950/http://www.digital.com/SO004J/SO004JMW.DOC","25 January 1999","11"
SOHOMEHM-19991129023950.HTM,"VAX 4000 Model 108 V2.4","https://web.archive.org/web/19991129023950/http://www.digital.com/SO004K/SO004KMW.DOC","25 January 1999","12"
SOHOMEHM-19991129023950.HTM,"VAX 7000 Model 810 V2.3","https://web.archive.org/web/19991129023950/http://www.digital.com/SO004N/SO004NMW.DOC","25 January 1999","9"
"Section","Clustering Information","https://web.archive.org/web/19991129023950/http://www.digital.com/SOHOME/SOHOMEHM.HTM","18 November 1999","PAGES"
SOHOMEHM-19991129023950.HTM,"OpenVMS Cluster V2.3","https://web.archive.org/web/19991129023950/http://www.digital.com/SO004P/SO004PPF.PDF","03 February 1999","22"
SOHOMEHM-19991129023950.HTM,"Tru64 UNIX TruCluster Solutions Configuration Information V2.4","https://web.archive.org/web/19991129023950/http://www.digital.com/SO004R/SO004RPF.PDF","20 July 1999","20"
SOHOMEHM-19991129023950.HTM,"Tru64 UNIX TruCluster Solutions Configuration Information V2.4","https://web.archive.org/web/19991129023950/http://www.digital.com/SO004R/SO004RMW.DOC","20 July 1999","20"
SOHOMEHM-19991129023950.HTM,"CCMAB System Area Network Controller V1.0","https://web.archive.org/web/19991129023950/http://www.digital.com/SOW01S/SOW01SPF.PDF","30 June 1999","3"
SOHOMEHM-19991129023950.HTM,"Compaq Ready-to-Go Tru64 UNIX Cluster Systems V1.10","https://web.archive.org/web/19991129023950/http://www.digital.com/SOW017/SOW017PF.PDF","21 September 1999","15"
SOHOMEHM-19991129023950.HTM,"OpenVMS Cluster V2.3","https://web.archive.org/web/19991129023950/http://www.digital.com/SO004P/SO004PMW.DOC","03 February 1999","22"
SOHOMEHM-19991129023950.HTM,"Tru64 UNIX TruCluster Solutions Configuration Information V2.4","https://web.archive.org/web/19991129023950/http://www.digital.com/SO004R/SO004RMW.DOC","20 July 1999","20"
SOHOMEHM-19991129023950.HTM,"CCMAB System Area Network Controller V1.0","https://web.archive.org/web/19991129023950/http://www.digital.com/SOW01S/SOW01SMW.DOC","30 June 1999","3"
SOHOMEHM-19991129023950.HTM,"Compaq Ready-to-Go Tru64 UNIX Cluster Systems V1.10","https://web.archive.org/web/19991129023950/http://www.digital.com/SOW017/SOW017MW.DOC","21 September 1999","15"
"Section","Storage Devices","https://web.archive.org/web/19991129023950/http://www.digital.com/SOHOME/SOHOMEHM.HTM","18 November 1999","PAGES"
SOHOMEHM-19991129023950.HTM,"Storage Overview V2.4","https://web.archive.org/web/19991129023950/http://www.digital.com/SO004T/SO004TPF.PDF","21 July 1999","3"
SOHOMEHM-19991129023950.HTM,"Storage Enclosures V2.6","https://web.archive.org/web/19991129023950/http://www.digital.com/SO004U/SO004UPF.PDF","25 January 1999","29"
SOHOMEHM-19991129023950.HTM,"Storage Adapters V2.6","https://web.archive.org/web/19991129023950/http://www.digital.com/SO004W/SO004WPF.PDF","10 August 1999","12"
SOHOMEHM-19991129023950.HTM,"RAID Storage Controllers V2.9","https://web.archive.org/web/19991129023950/http://www.digital.com/SOW00S/SOW00SPF.PDF","10 August 1999","19"
SOHOMEHM-19991129023950.HTM,"Storage SCSI Bus Extenders/Converters and UltraSCSI Hubs V2.5","https://web.archive.org/web/19991129023950/http://www.digital.com/SOW00W/SOW00WPF.PDF","04 February 1999","6"
SOHOMEHM-19991129023950.HTM,"Storage Disk Drives V2.7","https://web.archive.org/web/19991129023950/http://www.digital.com/SO004X/SO004XPF.PDF","08 February 1999","7"
SOHOMEHM-19991129023950.HTM,"RAID Storage Solutions V2.7","https://web.archive.org/web/19991129023950/http://www.digital.com/SOHOMQ/SOHOMQPF.PDF","17 March 1999","37"
SOHOMEHM-19991129023950.HTM,"Storage Tape Drives and Libraries V3.4","https://web.archive.org/web/19991129023950/http://www.digital.com/SO004Z/SO004ZPF.PDF","21 July 1999","34"
SOHOMEHM-19991129023950.HTM,"StorageWorks Software V2.7","https://web.archive.org/web/19991129023950/http://www.digital.com/SO0050/SO0050PF.PDF","21 July 1999","14"
SOHOMEHM-19991129023950.HTM,"Storage Overview V2.4","https://web.archive.org/web/19991129023950/http://www.digital.com/SO004T/SO004TMW.DOC","21 July 1999","3"
SOHOMEHM-19991129023950.HTM,"Storage Enclosures V2.6","https://web.archive.org/web/19991129023950/http://www.digital.com/SO004U/SO004UMW.DOC","25 January 1999","29"
SOHOMEHM-19991129023950.HTM,"Storage Adapters V2.6","https://web.archive.org/web/19991129023950/http://www.digital.com/SO004W/SO004WMW.DOC","10 August 1999","12"
SOHOMEHM-19991129023950.HTM,"RAID Storage Controllers V2.9","https://web.archive.org/web/19991129023950/http://www.digital.com/SOW00S/SOW00SMW.DOC","10 August 1999","19"
SOHOMEHM-19991129023950.HTM,"Storage SCSI Bus Extenders/Converters and UltraSCSI Hubs V2.5","https://web.archive.org/web/19991129023950/http://www.digital.com/SOW00W/SOW00WMW.DOC","04 February 1999","6"
SOHOMEHM-19991129023950.HTM,"Storage Disk Drives V2.7","https://web.archive.org/web/19991129023950/http://www.digital.com/SO004X/SO004XMW.DOC","08 February 1999","7"
SOHOMEHM-19991129023950.HTM,"RAID Storage Solutions V2.7","https://web.archive.org/web/19991129023950/http://www.digital.com/SOHOMQ/SOHOMQMW.DOC","17 March 1999","37"
SOHOMEHM-19991129023950.HTM,"Storage Tape Drives and Libraries V3.4","https://web.archive.org/web/19991129023950/http://www.digital.com/SO004Z/SO004ZMW.DOC","21 July 1999","34"
SOHOMEHM-19991129023950.HTM,"StorageWorks Software V2.7","https://web.archive.org/web/19991129023950/http://www.digital.com/SO0050/SO0050MW.DOC","21 July 1999","14"
"Section","Software Integration Packages (NAS)","https://web.archive.org/web/19991129023950/http://www.digital.com/SOHOME/SOHOMEHM.HTM","18 November 1999","PAGES"
SOHOMEHM-19991129023950.HTM,"DIGITAL NAS Packages V2.3","https://web.archive.org/web/19991129023950/http://www.digital.com/SO0052/SO0052PF.PDF","27 January 1999","5"
SOHOMEHM-19991129023950.HTM,"DIGITAL Enterprise Integration Packages V1.1","https://web.archive.org/web/19991129023950/http://www.digital.com/SOW004/SOW004PF.PDF","27 January 1999","2"
SOHOMEHM-19991129023950.HTM,"DIGITAL NAS Packages V2.3","https://web.archive.org/web/19991129023950/http://www.digital.com/SO0052/SO0052MW.DOC","27 January 1999","5"
SOHOMEHM-19991129023950.HTM,"DIGITAL Enterprise Integration Packages V1.1","https://web.archive.org/web/19991129023950/http://www.digital.com/SOW004/SOW004MW.DOC","27 January 1999","2"
"Section","Network Products","https://web.archive.org/web/19991129023950/http://www.digital.com/SOHOME/SOHOMEHM.HTM","18 November 1999","PAGES"
SOHOMEHM-19991129023950.HTM,"DIGITAL Network Products V2.5","https://web.archive.org/web/19991129023950/http://www.digital.com/SOW005/SOW005PF.PDF","24 February 1999","13"
SOHOMEHM-19991129023950.HTM,"DIGITAL Network Products V2.5","https://web.archive.org/web/19991129023950/http://www.digital.com/SOW005/SOW005MW.DOC","24 February 1999","13"
"Section","Environmental Products","https://web.archive.org/web/19991129023950/http://www.digital.com/SOHOME/SOHOMEHM.HTM","18 November 1999","PAGES"
SOHOMEHM-19991129023950.HTM,"Environmental Products Part 1 of 2 V1.5","https://web.archive.org/web/19991129023950/http://www.digital.com/SO0054/SO0054PF.PDF","14 May 1999","14"
SOHOMEHM-19991129023950.HTM,"Environmental Products Part 2 of 2 V1.4","https://web.archive.org/web/19991129023950/http://www.digital.com/SO0055/SO0055PF.PDF","14 May 1999","22"
SOHOMEHM-19991129023950.HTM,"Environmental Products Part 1 of 2 V1.5","https://web.archive.org/web/19991129023950/http://www.digital.com/SO0054/SO0054MW.DOC","14 May 1999","14"
SOHOMEHM-19991129023950.HTM,"Environmental Products Part 2 of 2 V1.4","https://web.archive.org/web/19991129023950/http://www.digital.com/SO0055/SO0055MW.DOC","14 May 1999","22"
"Section","Printers and Video Terminals","https://web.archive.org/web/19991129023950/http://www.digital.com/SOHOME/SOHOMEHM.HTM","18 November 1999","PAGES"
SOHOMEHM-19991129023950.HTM,"DIGITAL Printers V1.3","https://web.archive.org/web/19991129023950/http://www.digital.com/SOW014/SOW014PF.PDF","08 February 1999","19"
SOHOMEHM-19991129023950.HTM,"DIGITAL Video Terminals V1.1","https://web.archive.org/web/19991129023950/http://www.digital.com/SOW015/SOW015PF.PDF","03 February 1999","9"
SOHOMEHM-19991129023950.HTM,"DIGITAL Printers V1.3","https://web.archive.org/web/19991129023950/http://www.digital.com/SOW014/SOW014MW.DOC","08 February 1999","19"
SOHOMEHM-19991129023950.HTM,"DIGITAL Video Terminals V1.1","https://web.archive.org/web/19991129023950/http://www.digital.com/SOW015/SOW015MW.DOC","03 February 1999","9"
"Section","Workstations","https://web.archive.org/web/20000229061825/http://www.digital.com/SOHOME/SOHOMEHM.HTM","23 February 2000","PAGES"
SOHOMEHM-20000229061825.HTM,"Compaq AlphaStation DS20E","https://web.archive.org/web/20000229061825/http://www.digital.com/WQS215/WQS215PF.PDF","14 January 2000","16"
SOHOMEHM-20000229061825.HTM,"Compaq AlphaStation DS20E","https://web.archive.org/web/20000229061825/http://www.digital.com/WQS215/WQS215MW.DOC","14 January 2000","16"
SOHOMEHM-20000229061825.HTM,"Compaq AlphaStation XP1000 V2.8","https://web.archive.org/web/20000229061825/http://www.digital.com/SOW01T/SOW01TPF.PDF","09 February 2000","13"
SOHOMEHM-20000229061825.HTM,"Compaq AlphaStation XP1000 V2.8","https://web.archive.org/web/20000229061825/http://www.digital.com/SOW01T/SOW01TMW.DOC","09 February 2000","13"
SOHOMEHM-20000229061825.HTM,"Compaq AlphaStation XP900","https://web.archive.org/web/20000229061825/http://www.digital.com/WQS214/WQS214PF.PDF","01 December 1999","10"
SOHOMEHM-20000229061825.HTM,"Compaq AlphaStation XP900","https://web.archive.org/web/20000229061825/http://www.digital.com/WQS214/WQS214MW.DOC","01 December 1999","10"
SOHOMEHM-20000229061825.HTM,"Compaq Personal Workstations Enhanced a-Series & au-Series V4.1","https://web.archive.org/web/20000229061825/http://www.digital.com/SOW010/SOW010PF.PDF","01 February 2000","11"
SOHOMEHM-20000229061825.HTM,"Compaq Personal Workstations Enhanced a-Series & au-Series V4.1","https://web.archive.org/web/20000229061825/http://www.digital.com/SOW010/SOW010MW.DOC","01 February 2000","11"
"Section","Alpha Servers","https://web.archive.org/web/20000229061825/http://www.digital.com/SOHOME/SOHOMEHM.HTM","23 February 2000","PAGES"
"Subsection","Workgroup Systems","https://web.archive.org/web/19991129023950/http://www.digital.com/SOHOME/SOHOMEHM.HTM","23 february 2000","PAGES"
SOHOMEHM-20000229061825.HTM,"Compaq AlphaServer DS10","https://web.archive.org/web/20000229061825/http://www.digital.com/WQW007/WQW007PF.PDF","12 November 1999","10"
SOHOMEHM-20000229061825.HTM,"Compaq AlphaServer DS10","https://web.archive.org/web/20000229061825/http://www.digital.com/WQW007/WQW007MW.DOC","12 November 1999","10"
SOHOMEHM-20000229061825.HTM,"Compaq AlphaServer DS10 (Linux-Ready)","https://web.archive.org/web/20000229061825/http://www.digital.com/WQW008/WQW008PF.PDF","12 November 1999","8"
SOHOMEHM-20000229061825.HTM,"Compaq AlphaServer DS10 (Linux-Ready)","https://web.archive.org/web/20000229061825/http://www.digital.com/WQW008/WQW008MW.DOC","12 November 1999","8"
SOHOMEHM-20000229061825.HTM,"Compaq AlphaServer DS20","https://web.archive.org/web/20000229061825/http://www.digital.com/WQS003/WQS003PF.PDF","27 September 1999","17"
SOHOMEHM-20000229061825.HTM,"Compaq AlphaServer DS20","https://web.archive.org/web/20000229061825/http://www.digital.com/WQS003/WQS003MW.DOC","27 September 1999","17"
SOHOMEHM-20000229061825.HTM,"Compaq AlphaServer DS20 (Linux-Ready)","https://web.archive.org/web/20000229061825/http://www.digital.com/WQS002/WQS002PF.PDF","27 September 1999","10"
SOHOMEHM-20000229061825.HTM,"Compaq AlphaServer DS20 (Linux-Ready)","https://web.archive.org/web/20000229061825/http://www.digital.com/WQS002/WQS002MW.DOC","27 September 1999","10"
SOHOMEHM-20000229061825.HTM,"Compaq AlphaServer DS20E","https://web.archive.org/web/20000229061825/http://www.digital.com/WQS212/WQS212PF.PDF","17 February 2000","20"
SOHOMEHM-20000229061825.HTM,"Compaq AlphaServer DS20E","https://web.archive.org/web/20000229061825/http://www.digital.com/WQS212/WQS212MW.DOC","17 February 2000","20"
SOHOMEHM-20000229061825.HTM,"Compaq AlphaServer DS20E (Linux-Ready)","https://web.archive.org/web/20000229061825/http://www.digital.com/WQS213/WQS213PF.PDF","17 February 2000","11"
SOHOMEHM-20000229061825.HTM,"Compaq AlphaServer DS20E (Linux-Ready)","https://web.archive.org/web/20000229061825/http://www.digital.com/WQS213/WQS213MW.DOC","17 February 2000","11"
SOHOMEHM-20000229061825.HTM,"AlphaServer 800 Pedestal-Rackmount V3.6","https://web.archive.org/web/20000229061825/http://www.digital.com/SOHOMX/SOHOMXPF.PDF","17 October 1999","24"
SOHOMEHM-20000229061825.HTM,"AlphaServer 800 Pedestal-Rackmount V3.6","https://web.archive.org/web/20000229061825/http://www.digital.com/SOHOMX/SOHOMXMW.DOC","17 October 1999","24"
SOHOMEHM-20000229061825.HTM,"AlphaServer 1000A Rackmount Systems V3.1","https://web.archive.org/web/20000229061825/http://www.digital.com/SO0042/SO0042PF.PDF","30 June 1999","13"
SOHOMEHM-20000229061825.HTM,"AlphaServer 1000A Rackmount Systems V3.1","https://web.archive.org/web/20000229061825/http://www.digital.com/SO0042/SO0042MW.DOC","30 June 1999","13"
SOHOMEHM-20000229061825.HTM,"AlphaServer 1200 Pedestal-Rackmount V3.8","https://web.archive.org/web/20000229061825/http://www.digital.com/SOW00B/SOW00BPF.PDF","29 June 1999","28"
SOHOMEHM-20000229061825.HTM,"AlphaServer 1200 Pedestal-Rackmount V3.8","https://web.archive.org/web/20000229061825/http://www.digital.com/SOW00B/SOW00BMW.DOC","29 June 1999","28"
"Subsection","Departmental Systems","https://web.archive.org/web/19991129023950/http://www.digital.com/SOHOME/SOHOMEHM.HTM","23 february 2000","PAGES"
SOHOMEHM-20000229061825.HTM,"Compaq AlphaServer ES40","https://web.archive.org/web/20000229061825/http://www.digital.com/WQW006/WQW006PF.PDF","11 February 2000","21"
SOHOMEHM-20000229061825.HTM,"Compaq AlphaServer ES40","https://web.archive.org/web/20000229061825/http://www.digital.com/WQW006/WQW006MW.DOC","11 February 2000","21"
SOHOMEHM-20000229061825.HTM,"Compaq AlphaServer ES40 (Linux-Ready)","https://web.archive.org/web/20000229061825/http://www.digital.com/WQW005/WQW005PF.PDF","11 February 2000","12"
SOHOMEHM-20000229061825.HTM,"Compaq AlphaServer ES40 (Linux-Ready)","https://web.archive.org/web/20000229061825/http://www.digital.com/WQW005/WQW005MW.DOC","11 February 2000","12"
SOHOMEHM-20000229061825.HTM,"AlphaServer 4100 V3.9","https://web.archive.org/web/20000229061825/http://www.digital.com/SO005A/SO005APF.PDF","06 December 1999","35"
SOHOMEHM-20000229061825.HTM,"AlphaServer 4100 V3.9","https://web.archive.org/web/20000229061825/http://www.digital.com/SO005A/SO005AMW.DOC","06 December 1999","35"
"Subsection","Enterprise Systems","https://web.archive.org/web/19991129023950/http://www.digital.com/SOHOME/SOHOMEHM.HTM","23 february 2000","PAGES"
SOHOMEHM-20000229061825.HTM,"Compaq AlphaServer GS60E","https://web.archive.org/web/20000229061825/http://www.digital.com/WQS001/WQS001PF.PDF","27 January 2000","21"
SOHOMEHM-20000229061825.HTM,"Compaq AlphaServer GS60E","https://web.archive.org/web/20000229061825/http://www.digital.com/WQS001/WQS001MW.DOC","27 January 2000","21"
SOHOMEHM-20000229061825.HTM,"Compaq AlphaServer GS60 and AlphaServer 8200 Tru64 UNIX and OpenVMS Systems V3.4","https://web.archive.org/web/20000229061825/http://www.digital.com/SO004A/SO004APF.PDF","29 April 1999","23"
SOHOMEHM-20000229061825.HTM,"Compaq AlphaServer GS60 and AlphaServer 8200 Tru64 UNIX and OpenVMS Systems V3.4","https://web.archive.org/web/20000229061825/http://www.digital.com/SO004A/SO004AMW.DOC","29 April 1999","23"
SOHOMEHM-20000229061825.HTM,"Compaq AlphaServer GS60 and 8200 Rackmount V2.5","https://web.archive.org/web/20000229061825/http://www.digital.com/SO004B/SO004BPF.PDF","10 February 1999","6"
SOHOMEHM-20000229061825.HTM,"Compaq AlphaServer GS60 and 8200 Rackmount V2.5","https://web.archive.org/web/20000229061825/http://www.digital.com/SO004B/SO004BMW.DOC","10 February 1999","6"
SOHOMEHM-20000229061825.HTM,"Compaq AlphaServer GS140","https://web.archive.org/web/20000229061825/http://www.digital.com/WQW009/WQW009PF.PDF","27 January 2000","26"
SOHOMEHM-20000229061825.HTM,"Compaq AlphaServer GS140","https://web.archive.org/web/20000229061825/http://www.digital.com/WQW009/WQW009MW.DOC","27 January 2000","26"
SOHOMEHM-20000229061825.HTM,"Compaq AlphaServer GS140 and AlphaServer 8400 Rackmount V2.5","https://web.archive.org/web/20000229061825/http://www.digital.com/SO005D/SO005DPF.PDF","10 February 1999","6"
SOHOMEHM-20000229061825.HTM,"Compaq AlphaServer GS140 and AlphaServer 8400 Rackmount V2.5","https://web.archive.org/web/20000229061825/http://www.digital.com/SO005D/SO005DMW.DOC","10 February 1999","6"
SOHOMEHM-20000229061825.HTM,"Compaq AlphaServer 8200 and 8400 Windows NT Systems V3.10","https://web.archive.org/web/20000229061825/http://www.digital.com/SOW00I/SOW00IPF.PDF","11 June 1999","23"
SOHOMEHM-20000229061825.HTM,"Compaq AlphaServer 8200 and 8400 Windows NT Systems V3.10","https://web.archive.org/web/20000229061825/http://www.digital.com/SOW00I/SOW00IMW.DOC","11 June 1999","23"
"Section","DIGITAL Servers","https://web.archive.org/web/20000229061825/http://www.digital.com/SOHOME/SOHOMEHM.HTM","23 February 2000","PAGES"
SOHOMEHM-20000229061825.HTM,"DIGITAL Server 3100R and 3200R Rackmount Systems V2.4","https://web.archive.org/web/20000229061825/http://www.digital.com/SOW00Q/SOW00QPF.PDF","10 February 1999","11"
SOHOMEHM-20000229061825.HTM,"DIGITAL Server 3100R and 3200R Rackmount Systems V2.4","https://web.archive.org/web/20000229061825/http://www.digital.com/SOW00Q/SOW00QMW.DOC","10 February 1999","11"
SOHOMEHM-20000229061825.HTM,"DIGITAL Server 3300 Pedestal-Rackmount V3.0","https://web.archive.org/web/20000229061825/http://www.digital.com/SOW00M/SOW00MPF.PDF","01 February 1999","19"
SOHOMEHM-20000229061825.HTM,"DIGITAL Server 3300 Pedestal-Rackmount V3.0","https://web.archive.org/web/20000229061825/http://www.digital.com/SOW00M/SOW00MMW.DOC","01 February 1999","19"
SOHOMEHM-20000229061825.HTM,"DIGITAL Server 5300 Pedestal V3.3","https://web.archive.org/web/20000229061825/http://www.digital.com/SOW00N/SOW00NPF.PDF","12 March 1999","15"
SOHOMEHM-20000229061825.HTM,"DIGITAL Server 5300 Pedestal V3.3","https://web.archive.org/web/20000229061825/http://www.digital.com/SOW00N/SOW00NMW.DOC","12 March 1999","15"
SOHOMEHM-20000229061825.HTM,"DIGITAL Server 7100 Pedestal V2.3","https://web.archive.org/web/20000229061825/http://www.digital.com/SOW00V/SOW00VPF.PDF","25 January 1999","8"
SOHOMEHM-20000229061825.HTM,"DIGITAL Server 7100 Pedestal V2.3","https://web.archive.org/web/20000229061825/http://www.digital.com/SOW00V/SOW00VMW.DOC","25 January 1999","8"
SOHOMEHM-20000229061825.HTM,"DIGITAL Server 7100R Rackmount Systems V2.3","https://web.archive.org/web/20000229061825/http://www.digital.com/SOW00R/SOW00RPF.PDF","25 January 1999","9"
SOHOMEHM-20000229061825.HTM,"DIGITAL Server 7100R Rackmount Systems V2.3","https://web.archive.org/web/20000229061825/http://www.digital.com/SOW00R/SOW00RMW.DOC","25 January 1999","9"
SOHOMEHM-20000229061825.HTM,"DIGITAL Server 7300 Pedestal-Rackmount V3.6","https://web.archive.org/web/20000229061825/http://www.digital.com/SOW00U/SOW00UPF.PDF","12 March 1999","18"
SOHOMEHM-20000229061825.HTM,"DIGITAL Server 7300 Pedestal-Rackmount V3.6","https://web.archive.org/web/20000229061825/http://www.digital.com/SOW00U/SOW00UMW.DOC","12 March 1999","18"
SOHOMEHM-20000229061825.HTM,"DIGITAL Server Rackmount Cabinets V2.1","https://web.archive.org/web/20000229061825/http://www.digital.com/SOW00Z/SOW00ZPF.PDF","25 January 1999","4"
SOHOMEHM-20000229061825.HTM,"DIGITAL Server Rackmount Cabinets V2.1","https://web.archive.org/web/20000229061825/http://www.digital.com/SOW00Z/SOW00ZMW.DOC","25 January 1999","4"
"Section","VAX Workstation/Servers","https://web.archive.org/web/20000229061825/http://www.digital.com/SOHOME/SOHOMEHM.HTM","23 February 2000","PAGES"
SOHOMEHM-20000229061825.HTM,"VAXstation 4000 Model 96 V2.5","https://web.archive.org/web/20000229061825/http://www.digital.com/SO004I/SO004IPF.PDF","25 January 1999","7"
SOHOMEHM-20000229061825.HTM,"VAXstation 4000 Model 96 V2.5","https://web.archive.org/web/20000229061825/http://www.digital.com/SO004I/SO004IMW.DOC","25 January 1999","7"
SOHOMEHM-20000229061825.HTM,"MicroVAX 3100 V2.4","https://web.archive.org/web/20000229061825/http://www.digital.com/SO004J/SO004JPF.PDF","25 January 1999","11"
SOHOMEHM-20000229061825.HTM,"MicroVAX 3100 V2.4","https://web.archive.org/web/20000229061825/http://www.digital.com/SO004J/SO004JMW.DOC","25 January 1999","11"
SOHOMEHM-20000229061825.HTM,"VAX 4000 Model 108 V2.4","https://web.archive.org/web/20000229061825/http://www.digital.com/SO004K/SO004KPF.PDF","25 January 1999","12"
SOHOMEHM-20000229061825.HTM,"VAX 4000 Model 108 V2.4","https://web.archive.org/web/20000229061825/http://www.digital.com/SO004K/SO004KMW.DOC","25 January 1999","12"
SOHOMEHM-20000229061825.HTM,"VAX 7000 Model 810 V2.3","https://web.archive.org/web/20000229061825/http://www.digital.com/SO004N/SO004NPF.PDF","25 January 1999","9"
SOHOMEHM-20000229061825.HTM,"VAX 7000 Model 810 V2.3","https://web.archive.org/web/20000229061825/http://www.digital.com/SO004N/SO004NMW.DOC","25 January 1999","9"
"Section","Cluster Information","https://web.archive.org/web/20000229061825/http://www.digital.com/SOHOME/SOHOMEHM.HTM","23 February 2000","PAGES"
SOHOMEHM-20000229061825.HTM,"OpenVMS Cluster V2.3","https://web.archive.org/web/20000229061825/http://www.digital.com/SO004P/SO004PPF.PDF","03 February 1999","22"
SOHOMEHM-20000229061825.HTM,"OpenVMS Cluster V2.3","https://web.archive.org/web/20000229061825/http://www.digital.com/SO004P/SO004PMW.DOC","03 February 1999","22"
SOHOMEHM-20000229061825.HTM,"Tru64 UNIX TruCluster Solutions Configuration Information, Dec. 1999","https://web.archive.org/web/20000229061825/http://www.digital.com/SO004R/SO004RPF.PDF","27 December 1999","25"
SOHOMEHM-20000229061825.HTM,"Tru64 UNIX TruCluster Solutions Configuration Information, Dec. 1999","https://web.archive.org/web/20000229061825/http://www.digital.com/SO004R/SO004RMW.DOC","27 December 1999","25"
SOHOMEHM-20000229061825.HTM,"CCMAB System Area Network Controller V1.0","https://web.archive.org/web/20000229061825/http://www.digital.com/SOW01S/SOW01SPF.PDF","30 June 1999","3"
SOHOMEHM-20000229061825.HTM,"CCMAB System Area Network Controller V1.0","https://web.archive.org/web/20000229061825/http://www.digital.com/SOW01S/SOW01SMW.DOC","30 June 1999","3"
SOHOMEHM-20000229061825.HTM,"Compaq Ready-to-Go Tru64 UNIX Cluster Systems V1.10","https://web.archive.org/web/20000229061825/http://www.digital.com/SOW017/SOW017PF.PDF","21 September 1999","15"
SOHOMEHM-20000229061825.HTM,"Compaq Ready-to-Go Tru64 UNIX Cluster Systems V1.10","https://web.archive.org/web/20000229061825/http://www.digital.com/SOW017/SOW017MW.DOC","21 September 1999","15"
"Section","Storage Devices","https://web.archive.org/web/20000229061825/http://www.digital.com/SOHOME/SOHOMEHM.HTM","23 February 2000","PAGES"
SOHOMEHM-20000229061825.HTM,"Storage Overview V2.4","https://web.archive.org/web/20000229061825/http://www.digital.com/SO004T/SO004TPF.PDF","21 July 1999","3"
SOHOMEHM-20000229061825.HTM,"Storage Overview V2.4","https://web.archive.org/web/20000229061825/http://www.digital.com/SO004T/SO004TMW.DOC","21 July 1999","3"
SOHOMEHM-20000229061825.HTM,"Storage Enclosures V2.6","https://web.archive.org/web/20000229061825/http://www.digital.com/SO004U/SO004UPF.PDF","25 January 1999","29"
SOHOMEHM-20000229061825.HTM,"Storage Enclosures V2.6","https://web.archive.org/web/20000229061825/http://www.digital.com/SO004U/SO004UMW.DOC","25 January 1999","29"
SOHOMEHM-20000229061825.HTM,"Storage Adapters V2.6","https://web.archive.org/web/20000229061825/http://www.digital.com/SO004W/SO004WPF.PDF","10 August 1999","12"
SOHOMEHM-20000229061825.HTM,"Storage Adapters V2.6","https://web.archive.org/web/20000229061825/http://www.digital.com/SO004W/SO004WMW.DOC","10 August 1999","12"
SOHOMEHM-20000229061825.HTM,"RAID Storage Controllers V2.9","https://web.archive.org/web/20000229061825/http://www.digital.com/SOW00S/SOW00SPF.PDF","10 August 1999","19"
SOHOMEHM-20000229061825.HTM,"RAID Storage Controllers V2.9","https://web.archive.org/web/20000229061825/http://www.digital.com/SOW00S/SOW00SMW.DOC","10 August 1999","19"
SOHOMEHM-20000229061825.HTM,"Storage SCSI Bus Extenders/Converters and UltraSCSI Hubs V2.5","https://web.archive.org/web/20000229061825/http://www.digital.com/SOW00W/SOW00WPF.PDF","04 February 1999","6"
SOHOMEHM-20000229061825.HTM,"Storage SCSI Bus Extenders/Converters and UltraSCSI Hubs V2.5","https://web.archive.org/web/20000229061825/http://www.digital.com/SOW00W/SOW00WMW.DOC","04 February 1999","6"
SOHOMEHM-20000229061825.HTM,"Storage Disk Drives V2.7","https://web.archive.org/web/20000229061825/http://www.digital.com/SO004X/SO004XPF.PDF","08 February 1999","7"
SOHOMEHM-20000229061825.HTM,"Storage Disk Drives V2.7","https://web.archive.org/web/20000229061825/http://www.digital.com/SO004X/SO004XMW.DOC","08 February 1999","7"
SOHOMEHM-20000229061825.HTM,"RAID Storage Solutions V2.7","https://web.archive.org/web/20000229061825/http://www.digital.com/SOHOMQ/SOHOMQPF.PDF","17 March 1999","37"
SOHOMEHM-20000229061825.HTM,"RAID Storage Solutions V2.7","https://web.archive.org/web/20000229061825/http://www.digital.com/SOHOMQ/SOHOMQMW.DOC","17 March 1999","37"
SOHOMEHM-20000229061825.HTM,"Storage Tape Drives and Libraries V3.4","https://web.archive.org/web/20000229061825/http://www.digital.com/SO004Z/SO004ZPF.PDF","21 July 1999","34"
SOHOMEHM-20000229061825.HTM,"Storage Tape Drives and Libraries V3.4","https://web.archive.org/web/20000229061825/http://www.digital.com/SO004Z/SO004ZMW.DOC","21 July 1999","34"
SOHOMEHM-20000229061825.HTM,"StorageWorks Software V2.7","https://web.archive.org/web/20000229061825/http://www.digital.com/SO0050/SO0050PF.PDF","21 July 1999","14"
SOHOMEHM-20000229061825.HTM,"StorageWorks Software V2.7","https://web.archive.org/web/20000229061825/http://www.digital.com/SO0050/SO0050MW.DOC","21 July 1999","14"
"Section","Software Integration Packages (NAS)","https://web.archive.org/web/20000229061825/http://www.digital.com/SOHOME/SOHOMEHM.HTM","23 February 2000","PAGES"
SOHOMEHM-20000229061825.HTM,"DIGITAL NAS Packages V2.3","https://web.archive.org/web/20000229061825/http://www.digital.com/SO0052/SO0052PF.PDF","27 January 1999","5"
SOHOMEHM-20000229061825.HTM,"DIGITAL NAS Packages V2.3","https://web.archive.org/web/20000229061825/http://www.digital.com/SO0052/SO0052MW.DOC","27 January 1999","5"
SOHOMEHM-20000229061825.HTM,"DIGITAL Enterprise Integration Packages V1.1","https://web.archive.org/web/20000229061825/http://www.digital.com/SOW004/SOW004PF.PDF","27 January 1999","2"
SOHOMEHM-20000229061825.HTM,"DIGITAL Enterprise Integration Packages V1.1","https://web.archive.org/web/20000229061825/http://www.digital.com/SOW004/SOW004MW.DOC","27 January 1999","2"
"Section","Network products","https://web.archive.org/web/20000229061825/http://www.digital.com/SOHOME/SOHOMEHM.HTM","23 February 2000","PAGES"
SOHOMEHM-20000229061825.HTM,"DIGITAL Network Products V2.5","https://web.archive.org/web/20000229061825/http://www.digital.com/SOW005/SOW005PF.PDF","24 February 1999","13"
SOHOMEHM-20000229061825.HTM,"DIGITAL Network Products V2.5","https://web.archive.org/web/20000229061825/http://www.digital.com/SOW005/SOW005MW.DOC","24 February 1999","13"
"Section","Environmental Products","https://web.archive.org/web/20000229061825/http://www.digital.com/SOHOME/SOHOMEHM.HTM","23 February 2000","PAGES"
SOHOMEHM-20000229061825.HTM,"Environmental Products Part 1 of 2 V1.5","https://web.archive.org/web/20000229061825/http://www.digital.com/SO0054/SO0054PF.PDF","14 May 1999","14"
SOHOMEHM-20000229061825.HTM,"Environmental Products Part 1 of 2 V1.5","https://web.archive.org/web/20000229061825/http://www.digital.com/SO0054/SO0054MW.DOC","14 May 1999","14"
SOHOMEHM-20000229061825.HTM,"Environmental Products Part 2 of 2 V1.4","https://web.archive.org/web/20000229061825/http://www.digital.com/SO0055/SO0055PF.PDF","14 May 1999","22"
SOHOMEHM-20000229061825.HTM,"Environmental Products Part 2 of 2 V1.4","https://web.archive.org/web/20000229061825/http://www.digital.com/SO0055/SO0055MW.DOC","14 May 1999","22"
"Section","Printers and Video Terminals","https://web.archive.org/web/20000229061825/http://www.digital.com/SOHOME/SOHOMEHM.HTM","23 February 2000","PAGES"
SOHOMEHM-20000229061825.HTM,"DIGITAL Printers V1.3","https://web.archive.org/web/20000229061825/http://www.digital.com/SOW014/SOW014PF.PDF","08 February 1999","19"
SOHOMEHM-20000229061825.HTM,"DIGITAL Printers V1.3","https://web.archive.org/web/20000229061825/http://www.digital.com/SOW014/SOW014MW.DOC","08 February 1999","19"
SOHOMEHM-20000229061825.HTM,"DIGITAL Video Terminals V1.1","https://web.archive.org/web/20000229061825/http://www.digital.com/SOW015/SOW015PF.PDF","03 February 1999","9"
SOHOMEHM-20000229061825.HTM,"DIGITAL Video Terminals V1.1","https://web.archive.org/web/20000229061825/http://www.digital.com/SOW015/SOW015MW.DOC","03 February 1999","9"
"Section","Compaq Personal Workstations","https://web.archive.org/web/20000815055655/http://www.digital.com/SOHOME/SOHOMEHM.HTM","19 July 2000","PAGES"
SOHOMEHM-20000815055655.HTM,"Compaq Personal Workstations Enhanced a-Series & au-Series V4.1","https://web.archive.org/web/20000815055655/http://www.digital.com/info/SOW010/SOW010PF.PDF","01 February 2000","11"
SOHOMEHM-20000815055655.HTM,"Compaq Personal Workstations Enhanced a-Series & au-Series V4.1","https://web.archive.org/web/20000815055655/http://www.digital.com/info/SOW010/SOW010MW.DOC","01 February 2000","11"
"Section","Compaq DPW Enhanced","https://web.archive.org/web/20000815055655/http://www.digital.com/SOHOME/SOHOMEHM.HTM","13 September 2000","PAGES"
SOHOMEHM-20001013061554.HTM,"Compaq DPW Enhanced a-Series & au-Series V4.3","https://web.archive.org/web/20000815055655/http://www.digital.com/info/SOW010/SOW010PF.PDF","13 September 2000","11"
SOHOMEHM-20001013061554.HTM,"Compaq DPW Enhanced a-Series & au-Series V4.3","https://web.archive.org/web/20001013061554/http://www.digital.com/info/SOW010/SOW010MW.DOC","13 September 2000","11"
